USE `littlestore`;

DELETE FROM `orderdetail` WHERE `orderNum`=1 AND `upc`='037000695769';
DELETE FROM `orderdetail` WHERE `orderNum`=1 AND `upc`='037000933243';
DELETE FROM `orderdetail` WHERE `orderNum`=1 AND `upc`='011111010406';
DELETE FROM `orderdetail` WHERE `orderNum`=1 AND `upc`='011111023659';
DELETE FROM `orderdetail` WHERE `orderNum`=2 AND `upc`='305210416390';
DELETE FROM `orderdetail` WHERE `orderNum`=2 AND `upc`='047400671379';

DELETE FROM `cartdetail` WHERE `cartId`=6 AND `upc`='047400671348';
DELETE FROM `cartdetail` WHERE `cartId`=6 AND `upc`='305210416390';
DELETE FROM `cartdetail` WHERE `cartId`=6 AND `upc`='037000695769';
DELETE FROM `cartdetail` WHERE `cartId`=7 AND `upc`='037000896036';
DELETE FROM `cartdetail` WHERE `cartId`=7 AND `upc`='037000956785';
DELETE FROM `cartdetail` WHERE `cartId`=7 AND `upc`='037000675099';
DELETE FROM `cartdetail` WHERE `cartId`=8 AND `upc`='037000956624';
DELETE FROM `cartdetail` WHERE `cartId`=8 AND `upc`='037000956648';
DELETE FROM `cartdetail` WHERE `cartId`=8 AND `upc`='037000956785';
DELETE FROM `cartdetail` WHERE `cartId`=8 AND `upc`='037000896036';
DELETE FROM `cartdetail` WHERE `cartId`=8 AND `upc`='037000585930';
DELETE FROM `cartdetail` WHERE `cartId`=8 AND `upc`='037000695769';
DELETE FROM `cartdetail` WHERE `cartId`=9 AND `upc`='037000127840';

DELETE FROM `orders` WHERE `orderNum`=1;
DELETE FROM `orders` WHERE `orderNum`=2;

DELETE FROM `cart` WHERE `cartId`=6;
DELETE FROM `cart` WHERE `cartId`=7;
DELETE FROM `cart` WHERE `cartId`=8;
DELETE FROM `cart` WHERE `cartId`=9;

DELETE FROM `customer_role` WHERE `customer_id`=0 AND `role_id`=0;
DELETE FROM `customer_role` WHERE `customer_id`=0 AND `role_id`=1;
DELETE FROM `customer_role` WHERE `customer_id`=0 AND `role_id`=2;
DELETE FROM `customer_role` WHERE `customer_id`=1 AND `role_id`=1;
DELETE FROM `customer_role` WHERE `customer_id`=1 AND `role_id`=2;
DELETE FROM `customer_role` WHERE `customer_id`=2 AND `role_id`=2;
DELETE FROM `customer_role` WHERE `customer_id`=5 AND `role_id`=2;
DELETE FROM `customer_role` WHERE `customer_id`=7 AND `role_id`=2;
DELETE FROM `customer_role` WHERE `customer_id`=8 AND `role_id`=2;
DELETE FROM `customer_role` WHERE `customer_id`=9 AND `role_id`=2;
DELETE FROM `customer_role` WHERE `customer_id`=10 AND `role_id`=2;
DELETE FROM `customer_role` WHERE `customer_id`=11 AND `role_id`=2;
DELETE FROM `customer_role` WHERE `customer_id`=12 AND `role_id`=2;
DELETE FROM `customer_role` WHERE `customer_id`=13 AND `role_id`=2;
DELETE FROM `customer_role` WHERE `customer_id`=14 AND `role_id`=2;
DELETE FROM `customer_role` WHERE `customer_id`=16 AND `role_id`=2;
DELETE FROM `customer_role` WHERE `customer_id`=17 AND `role_id`=2;
DELETE FROM `customer_role` WHERE `customer_id`=20 AND `role_id`=2;
DELETE FROM `customer_role` WHERE `customer_id`=21 AND `role_id`=2;
DELETE FROM `customer_role` WHERE `customer_id`=22 AND `role_id`=2;
DELETE FROM `customer_role` WHERE `customer_id`=23 AND `role_id`=2;
DELETE FROM `customer_role` WHERE `customer_id`=25 AND `role_id`=2;
DELETE FROM `customer_role` WHERE `customer_id`=26 AND `role_id`=2;

DELETE FROM `customer` WHERE `id`=5;
DELETE FROM `customer` WHERE `id`=14;
DELETE FROM `customer` WHERE `id`=20;
DELETE FROM `customer` WHERE `id`=12;
DELETE FROM `customer` WHERE `id`=13;
DELETE FROM `customer` WHERE `id`=25;
DELETE FROM `customer` WHERE `id`=8;
DELETE FROM `customer` WHERE `id`=16;
DELETE FROM `customer` WHERE `id`=23;
DELETE FROM `customer` WHERE `id`=10;
DELETE FROM `customer` WHERE `id`=0;
DELETE FROM `customer` WHERE `id`=1;
DELETE FROM `customer` WHERE `id`=22;
DELETE FROM `customer` WHERE `id`=26;
DELETE FROM `customer` WHERE `id`=9;
DELETE FROM `customer` WHERE `id`=17;
DELETE FROM `customer` WHERE `id`=11;
DELETE FROM `customer` WHERE `id`=7;
DELETE FROM `customer` WHERE `id`=24;
DELETE FROM `customer` WHERE `id`=21;
DELETE FROM `customer` WHERE `id`=2;

DELETE FROM `role` WHERE `id`=0;
DELETE FROM `role` WHERE `id`=1;
DELETE FROM `role` WHERE `id`=2;

DELETE FROM `product` WHERE `upc`='037000956785';
DELETE FROM `product` WHERE `upc`='037000811138';
DELETE FROM `product` WHERE `upc`='037000675099';
DELETE FROM `product` WHERE `upc`='037000933243';
DELETE FROM `product` WHERE `upc`='037000896036';
DELETE FROM `product` WHERE `upc`='037000695769';
DELETE FROM `product` WHERE `upc`='037000127840';
DELETE FROM `product` WHERE `upc`='037000983293';
DELETE FROM `product` WHERE `upc`='037000874522';
DELETE FROM `product` WHERE `upc`='037000875635';
DELETE FROM `product` WHERE `upc`='037000885825';
DELETE FROM `product` WHERE `upc`='037000585930';
DELETE FROM `product` WHERE `upc`='037000893752';
DELETE FROM `product` WHERE `upc`='037000752684';
DELETE FROM `product` WHERE `upc`='037000956624';
DELETE FROM `product` WHERE `upc`='037000956648';
DELETE FROM `product` WHERE `upc`='011111025837';
DELETE FROM `product` WHERE `upc`='011111016408';
DELETE FROM `product` WHERE `upc`='011111023659';
DELETE FROM `product` WHERE `upc`='011111115224';
DELETE FROM `product` WHERE `upc`='011111017221';
DELETE FROM `product` WHERE `upc`='011111123311';
DELETE FROM `product` WHERE `upc`='011111010406';
DELETE FROM `product` WHERE `upc`='011111079731';
DELETE FROM `product` WHERE `upc`='011111023642';
DELETE FROM `product` WHERE `upc`='037000167709';
DELETE FROM `product` WHERE `upc`='037000866800';
DELETE FROM `product` WHERE `upc`='037000972860';
DELETE FROM `product` WHERE `upc`='047400671362';
DELETE FROM `product` WHERE `upc`='047400671348';
DELETE FROM `product` WHERE `upc`='047400671379';
DELETE FROM `product` WHERE `upc`='037000729747';
DELETE FROM `product` WHERE `upc`='037000749479';
DELETE FROM `product` WHERE `upc`='037000729860';
DELETE FROM `product` WHERE `upc`='037000747642';
DELETE FROM `product` WHERE `upc`='305213084008';
DELETE FROM `product` WHERE `upc`='305210134416';
DELETE FROM `product` WHERE `upc`='305213077000';
DELETE FROM `product` WHERE `upc`='305210416390';
DELETE FROM `product` WHERE `upc`='305213091006';



INSERT INTO `product` (`upc`, `categoryMain`, `categorySpecific`, `name`, `options`, `size`, `cost`, `basePrice`, `currentPrice`, `onSale`, `stockQty`, `description`, `image`) VALUES ('037000956785', 'Air Fresheners', 'Car Vent Clips', 'Febreze Car Vent Clip', 'Downy', '1 pk', 0.5, 2, 2, b'0', 10, 'Febreze Car Vent Clip Downy Scent 1pk', 'https://azcdn.messenger.pgsitecore.com/en-us/-/media/Febreze/Images/Products/product_primary_images/LEGO/Car/PDP_DT_Car_Downy.png?w=460&v=1-201704241018');
INSERT INTO `product` (`upc`, `categoryMain`, `categorySpecific`, `name`, `options`, `size`, `cost`, `basePrice`, `currentPrice`, `onSale`, `stockQty`, `description`, `image`) VALUES ('037000811138', 'Air Fresheners', 'Car Vent Clips', 'Febreze Car Vent Clip', 'Linen & Sky', '1 pk', 0.5, 2, 2, b'0', 1, 'Febreze Car Vent Clip Linen & Sky Scent 1pk', 'https://azcdn.messenger.pgsitecore.com/en-us/-/media/Febreze/Images/Products/product_primary_images/LEGO/Car/PDP_DT_Car_LinenSky.png?w=460&v=1-201704241018');
INSERT INTO `product` (`upc`, `categoryMain`, `categorySpecific`, `name`, `options`, `size`, `cost`, `basePrice`, `currentPrice`, `onSale`, `stockQty`, `description`, `image`) VALUES ('037000675099', 'Air Fresheners', 'Room Deodorizers', 'Febreze Small Spaces', 'Gain Honey Berry Hula', '1 pk', 0.5, 2, 2, b'0', 4, 'Febreze Small Spaces Gain Honey Berry Hula Scent 1pk', 'https://azcdn.messenger.pgsitecore.com/en-us/-/media/Febreze/Images/Products/product_primary_images/November%202020%20Updates/US_DT_PDP_SS_Gain_Honey_Berry_Hula.png?w=460&v=1-202011122120');
INSERT INTO `product` (`upc`, `categoryMain`, `categorySpecific`, `name`, `options`, `size`, `cost`, `basePrice`, `currentPrice`, `onSale`, `stockQty`, `description`, `image`) VALUES ('037000933243', 'Air Fresheners', 'Room Deodorizers', 'Febreze Small Spaces', 'Wild Berries', '1 pk', 0.5, 2, 2, b'0', 2, 'Febreze Small Spaces Wild Berries Scent 1pk', 'https://azcdn.messenger.pgsitecore.com/en-us/-/media/Febreze/Images/Products/product_primary_images/July%202019%20Updates/US_DT_PDP_SS_Wild_Berries.png?w=460&v=1-201907270142');
INSERT INTO `product` (`upc`, `categoryMain`, `categorySpecific`, `name`, `options`, `size`, `cost`, `basePrice`, `currentPrice`, `onSale`, `stockQty`, `description`, `image`) VALUES ('037000896036', 'Air Fresheners', 'Wax Melts', 'Febreze Wax Melts', 'Gain Original', '6 pk', 0.5, 2, 2, b'0', 6, 'Febreze Wax Melts Gain Original Scent 6pk', 'https://azcdn.messenger.pgsitecore.com/en-us/-/media/Febreze/Images/Products/product_primary_images/LEGO/Melts/PDP_DT_Wax_Gain_Gain_main.png?w=460&v=1-202011122120');
INSERT INTO `product` (`upc`, `categoryMain`, `categorySpecific`, `name`, `options`, `size`, `cost`, `basePrice`, `currentPrice`, `onSale`, `stockQty`, `description`, `image`) VALUES ('037000695769', 'Laundry', 'Liquid Detergent', 'Gain Liquid Detergent', 'Fresh Water Sparkle', '50 fl oz', 2, 4, 4, b'0', 15, 'Gain Liquid Detergent Fresh Water Sparkle 50 fl oz', 'https://www.jcsalesweb.com/ProductImages/large/109302.jpg');
INSERT INTO `product` (`upc`, `categoryMain`, `categorySpecific`, `name`, `options`, `size`, `cost`, `basePrice`, `currentPrice`, `onSale`, `stockQty`, `description`, `image`) VALUES ('037000127840', 'Laundry', 'Liquid Detergent', 'Gain Liquid Detergent', 'Gain Original', '50 fl oz', 2, 4, 4, b'0', 10, 'Gain Liquid Detergent Gain Original 50 fl oz', 'https://static.grainger.com/rp/s/is/image/Grainger/24L309_AS03?hei=536&wid=536&$adapimg$=');
INSERT INTO `product` (`upc`, `categoryMain`, `categorySpecific`, `name`, `options`, `size`, `cost`, `basePrice`, `currentPrice`, `onSale`, `stockQty`, `description`, `image`) VALUES ('037000983293', 'Laundry', 'Liquid Detergent', 'Gain Liquid Detergent', 'Moonlight Breeze', '50 fl oz', 2, 4, 4, b'0', 5, 'Gain Liquid Detergent Moonlight Breeze 50 fl oz', 'https://scontent.harristeeter.com/legacy/productimagesroot/DJ/9/1510159.jpg');
INSERT INTO `product` (`upc`, `categoryMain`, `categorySpecific`, `name`, `options`, `size`, `cost`, `basePrice`, `currentPrice`, `onSale`, `stockQty`, `description`, `image`) VALUES ('037000874522', 'Laundry', 'Liquid Detergent', 'Tide Liquid Detergent', 'Downy April Fresh', '37 fl oz', 1.5, 3.33, 3.33, b'0', 20, 'Tide Liquid Detergent Downy April Fresh 37 fl oz', 'https://c.shld.net/rpx/i/s/i/spin/10127449/prod_ec_1573679002');
INSERT INTO `product` (`upc`, `categoryMain`, `categorySpecific`, `name`, `options`, `size`, `cost`, `basePrice`, `currentPrice`, `onSale`, `stockQty`, `description`, `image`) VALUES ('037000875635', 'Laundry', 'Liquid Detergent', 'Tide Liquid Detergent', 'Febreze Spring & Renewal', '37 fl oz', 1.5, 3.33, 3.33, b'0', 12, 'Tide Liquid Detergent Febreze Spring & Renewal 37 fl oz', 'https://i5.walmartimages.com/asr/7f1dcf61-a59c-4cfc-8647-38eea43a6a40_1.bc682c61781d747ec300cf78753bb5e2.jpeg?odnWidth=undefined&odnHeight=undefined&odnBg=ffffff');
INSERT INTO `product` (`upc`, `categoryMain`, `categorySpecific`, `name`, `options`, `size`, `cost`, `basePrice`, `currentPrice`, `onSale`, `stockQty`, `description`, `image`) VALUES ('037000885825', 'Laundry', 'Liquid Detergent', 'Tide Liquid Detergent', 'Free & Gentle', '37 fl oz', 1.5, 3.33, 3.33, b'0', 2, 'Tide Liquid Detergent Free & Gentle 37 fl oz', 'https://scontent.harristeeter.com/legacy/productimagesroot/DJ/8/1535328.jpg');
INSERT INTO `product` (`upc`, `categoryMain`, `categorySpecific`, `name`, `options`, `size`, `cost`, `basePrice`, `currentPrice`, `onSale`, `stockQty`, `description`, `image`) VALUES ('037000585930', 'Laundry', 'Liquid Detergent', 'Tide Liquid Detergent', 'Hygienic Clean Spring Meadow', '37 fl oz', 1.5, 3.33, 3.33, b'0', 20, 'Tide Liquid Detergent Hygienic Clean Spring Meadow 37 fl oz', 'https://target.scene7.com/is/image/Target/GUEST_a0a6f31f-8960-46cf-bbc1-5b4af27ed589?fmt=webp&wid=1400&qlt=80');
INSERT INTO `product` (`upc`, `categoryMain`, `categorySpecific`, `name`, `options`, `size`, `cost`, `basePrice`, `currentPrice`, `onSale`, `stockQty`, `description`, `image`) VALUES ('037000893752', 'Laundry', 'Liquid Detergent', 'Tide Liquid Detergent', 'Original', '37 fl oz', 1.25, 3.33, 3.33, b'0', 0, 'Tide Liquid Laundry Detergent Original Scent 37 fl oz', 'https://www.dollargeneral.com/commerce/media/catalog/product/cache/b419b4aa07929e5ac1043ffec8c943ea/0/0/00931503_alt5_010721_2_.jpg');
INSERT INTO `product` (`upc`, `categoryMain`, `categorySpecific`, `name`, `options`, `size`, `cost`, `basePrice`, `currentPrice`, `onSale`, `stockQty`, `description`, `image`) VALUES ('037000752684', 'Laundry', 'Liquid Detergent', 'Tide Liquid Detergent', 'Ultra Oxi', '37 fl oz', 1.5, 3.33, 3.33, b'0', 15, 'Tide Liquid Detergent Ultra Oxi 37 fl oz', 'https://images-na.ssl-images-amazon.com/images/I/819ZZ0H7yOL._SL1500_.jpg');
INSERT INTO `product` (`upc`, `categoryMain`, `categorySpecific`, `name`, `options`, `size`, `cost`, `basePrice`, `currentPrice`, `onSale`, `stockQty`, `description`, `image`) VALUES ('037000956624', 'Oral Care', 'Mouthwash', 'Crest Mouthwash', 'Scope Classic', '1 L', 1, 4, 3, b'1', 5, 'Crest Mouthwash with Scope Classic 1 L', 'https://i5.walmartimages.com/asr/c9fcaeb3-cb32-4831-b2af-8bc526756f11_1.6de521adc7fca471747aaad341c3bdc5.jpeg?odnWidth=612&odnHeight=612&odnBg=ffffff');
INSERT INTO `product` (`upc`, `categoryMain`, `categorySpecific`, `name`, `options`, `size`, `cost`, `basePrice`, `currentPrice`, `onSale`, `stockQty`, `description`, `image`) VALUES ('037000956648', 'Oral Care', 'Mouthwash', 'Crest Mouthwash', 'Scope Outlast', '.5 L', 0.5, 3, 2, b'1', 6, 'Crest Mouthwash with Scope Outlast .5 L', 'https://images-na.ssl-images-amazon.com/images/I/81nFD9uOxsL._AC_SX466_.jpg');
INSERT INTO `product` (`upc`, `categoryMain`, `categorySpecific`, `name`, `options`, `size`, `cost`, `basePrice`, `currentPrice`, `onSale`, `stockQty`, `description`, `image`) VALUES ('011111025837', 'Personal Care', 'Body Wash', 'Dove Women Body Wash', 'Care & Protect Antibacterial', '22 fl oz', 1.5, 4, 4, b'0', 2, 'Dove Women Body Wash Care & Protect Antibacterial 22 fl oz', 'https://target.scene7.com/is/image/Target/GUEST_fb33aec5-a0b9-44bb-b24f-2c3a88fbf930?wid=488&hei=488&fmt=pjpeg');
INSERT INTO `product` (`upc`, `categoryMain`, `categorySpecific`, `name`, `options`, `size`, `cost`, `basePrice`, `currentPrice`, `onSale`, `stockQty`, `description`, `image`) VALUES ('011111016408', 'Personal Care', 'Body Wash', 'Dove Women Body Wash', 'Glowing Mango Butter & Almond Butter', '22 fl oz', 1.5, 4, 4, b'0', 6, 'Dove Women Body Wash Glowing Mango Butter & Almond Butter 22 fl oz', 'https://target.scene7.com/is/image/Target/GUEST_b8379791-d9c0-4cd9-8097-40c884788009?wid=488&hei=488&fmt=pjpeg');
INSERT INTO `product` (`upc`, `categoryMain`, `categorySpecific`, `name`, `options`, `size`, `cost`, `basePrice`, `currentPrice`, `onSale`, `stockQty`, `description`, `image`) VALUES ('011111023659', 'Personal Care', 'Body Wash', 'Dove Women Body Wash', 'Irritation Care Fragrance-Free', '22 fl oz', 1.5, 4, 4, b'0', 2, 'Dove Women Body Wash Irritation Care Fragrance-Free 22 fl oz', 'https://www.dove.com/content/dam/unilever/dove/united_states_of_america/pack_shot/011111023659-2252303-png.png');
INSERT INTO `product` (`upc`, `categoryMain`, `categorySpecific`, `name`, `options`, `size`, `cost`, `basePrice`, `currentPrice`, `onSale`, `stockQty`, `description`, `image`) VALUES ('011111115224', 'Personal Care', 'Body Wash', 'Dove Women Body Wash', 'Pampering Shea Butter & Warm Vanilla', '22 fl oz', 1.5, 4, 4, b'0', 1, 'Dove Women Body Wash Pampering Shea Butter & Warm Vanilla 22 fl oz', 'https://www.dove.com/content/dam/unilever/dove/puerto_rico/pack_shot/011111115224-1771539-png.png');
INSERT INTO `product` (`upc`, `categoryMain`, `categorySpecific`, `name`, `options`, `size`, `cost`, `basePrice`, `currentPrice`, `onSale`, `stockQty`, `description`, `image`) VALUES ('011111017221', 'Personal Care', 'Body Wash', 'Dove Women Body Wash', 'Purifying Detox with Green Clay', '22 fl oz', 1.5, 4, 4, b'0', 2, 'Dove Women Body Wash Purifying Detox with Green Clay', 'https://www.dove.com/content/dam/unilever/dove/canada/pack_shot/011111121140-1773965-png.png');
INSERT INTO `product` (`upc`, `categoryMain`, `categorySpecific`, `name`, `options`, `size`, `cost`, `basePrice`, `currentPrice`, `onSale`, `stockQty`, `description`, `image`) VALUES ('011111123311', 'Personal Care', 'Body Wash', 'Dove Women Body Wash', 'Refreshing Cucumber & Green Tea', '22 fl oz', 1.5, 4, 4, b'0', 1, 'Dove Women Body Wash Refreshing Cucumber & Green Tea 22 fl oz', 'https://images-na.ssl-images-amazon.com/images/I/71qDXl2ge1L._SL1500_.jpg');
INSERT INTO `product` (`upc`, `categoryMain`, `categorySpecific`, `name`, `options`, `size`, `cost`, `basePrice`, `currentPrice`, `onSale`, `stockQty`, `description`, `image`) VALUES ('011111010406', 'Personal Care', 'Body Wash', 'Dove Women Body Wash', 'Relaxing Lavender Oil & Chamomile', '22 fl oz', 1.5, 4, 4, b'0', 3, 'Dove Women Body Wash Relaxing Lavender Oil & Chamomile 22 fl oz', 'https://www.dove.com/content/dam/unilever/dove/canada/pack_shot/011111010406-1758116-png.png');
INSERT INTO `product` (`upc`, `categoryMain`, `categorySpecific`, `name`, `options`, `size`, `cost`, `basePrice`, `currentPrice`, `onSale`, `stockQty`, `description`, `image`) VALUES ('011111079731', 'Personal Care', 'Body Wash', 'Dove Women Body Wash', 'Restoring Coconut Butter & Cocoa Butter', '22 fl oz', 1.5, 4, 4, b'0', 1, 'Dove Women Body Wash Restoring Coconut Butter & Cocoa Butter 22 fl oz', 'https://target.scene7.com/is/image/Target/GUEST_f8093d38-17ca-42d5-9c42-96fcf731b983');
INSERT INTO `product` (`upc`, `categoryMain`, `categorySpecific`, `name`, `options`, `size`, `cost`, `basePrice`, `currentPrice`, `onSale`, `stockQty`, `description`, `image`) VALUES ('011111023642', 'Personal Care', 'Body Wash', 'Dove Women Body Wash', 'Soothing Care with Calendula-Infused Oils', '22 fl oz', 1.5, 4, 4, b'0', 1, 'Dove Women Body Wash Soothing Care with Calendula-Infused Oils 22 fl oz', 'https://asset-americas.unileversolutions.com/content/dam/unilever/dove/united_states_of_america/pack_shot/011111023642-2255975-png.png.ulenscale.490x490.png');
INSERT INTO `product` (`upc`, `categoryMain`, `categorySpecific`, `name`, `options`, `size`, `cost`, `basePrice`, `currentPrice`, `onSale`, `stockQty`, `description`, `image`) VALUES ('037000167709', 'Personal Care', 'Body Wash', 'Old Spice Red Zone Body Wash', 'Swagger', '16 fl oz', 1, 3, 2, b'1', 1, 'Old Spice Red Zone Body Wash Swagger Scent 16 fl oz', 'https://m.media-amazon.com/images/I/81lUOtdYX-L._SL1500_.jpg');
INSERT INTO `product` (`upc`, `categoryMain`, `categorySpecific`, `name`, `options`, `size`, `cost`, `basePrice`, `currentPrice`, `onSale`, `stockQty`, `description`, `image`) VALUES ('037000866800', 'Personal Care', 'Body Wash', 'Old Spice Wild Collection Body Wash', 'Bearglove', '16 fl oz', 1, 3, 2, b'1', 2, 'Old Spice Wild Collection Body Wash Bearglove 16 fl oz', 'https://target.scene7.com/is/image/Target/GUEST_3b93d9a1-ef72-4f6e-9f3a-3b697db0bced?wid=700&hei=700&qlt=80&fmt=webp');
INSERT INTO `product` (`upc`, `categoryMain`, `categorySpecific`, `name`, `options`, `size`, `cost`, `basePrice`, `currentPrice`, `onSale`, `stockQty`, `description`, `image`) VALUES ('037000972860', 'Personal Care', 'Body Wash', 'Old Spice Wild Collection Body Wash', 'Krakengard', '16 fl oz', 1, 3, 2, b'1', 2, 'Old Spice Wild Collection Body Wash Krakengard 16 fl oz', 'https://s7d2.scene7.com/is/image/BedBathandBeyond/155556720449322p?$460$&wid=515&hei=515');
INSERT INTO `product` (`upc`, `categoryMain`, `categorySpecific`, `name`, `options`, `size`, `cost`, `basePrice`, `currentPrice`, `onSale`, `stockQty`, `description`, `image`) VALUES ('047400671362', 'Personal Care', 'Deodorant', 'Gillette Comfort + Dri-Tech Deodorant', 'Clean Rush', '3.4 oz', 0.5, 3, 3, b'0', 8, 'Gillette Comfort + Dri-Tech Deodorant Clean Rush Scent 3.4 oz', 'https://target.scene7.com/is/image/Target/GUEST_605bd0f7-25c9-4f4d-af15-06f21d0a6433?wid=488&hei=488&fmt=pjpeg');
INSERT INTO `product` (`upc`, `categoryMain`, `categorySpecific`, `name`, `options`, `size`, `cost`, `basePrice`, `currentPrice`, `onSale`, `stockQty`, `description`, `image`) VALUES ('047400671348', 'Personal Care', 'Deodorant', 'Gillette Comfort + Dri-Tech Deodorant', 'Cool Wave', '3.4 oz', 0.5, 3, 3, b'0', 8, 'Gillette Comfort + Dri-Tech Deodorant Cool Wave Scent 3.4 oz', 'https://target.scene7.com/is/image/Target/GUEST_da62ffc9-db04-4d4f-9c59-97f119152a4e?wid=488&hei=488&fmt=pjpeg');
INSERT INTO `product` (`upc`, `categoryMain`, `categorySpecific`, `name`, `options`, `size`, `cost`, `basePrice`, `currentPrice`, `onSale`, `stockQty`, `description`, `image`) VALUES ('047400671379', 'Personal Care', 'Deodorant', 'Gillette Comfort + Dri-Tech Deodorant', 'Fresh Xtend', '3.4 oz', 0.5, 3, 3, b'0', 8, 'Gillette Comfort + Dri-Tech Deodorant Fresh Xtend Scent 3.4 oz', 'https://target.scene7.com/is/image/Target/GUEST_3426a0f0-f07f-4e37-a6ec-161273b090ea?wid=488&hei=488&fmt=pjpeg');
INSERT INTO `product` (`upc`, `categoryMain`, `categorySpecific`, `name`, `options`, `size`, `cost`, `basePrice`, `currentPrice`, `onSale`, `stockQty`, `description`, `image`) VALUES ('037000729747', 'Personal Care', 'Deodorant', 'Old Spice Sweat Defense Dry Spray', 'Pure Sport Plus', '3.8 oz', 1, 3, 3, b'0', 1, 'Old Spice Sweat Defense Dry Spray Ultimate Captain 3.8 oz', 'https://images-na.ssl-images-amazon.com/images/I/71lgN1hfXwL._SL1500_.jpg');
INSERT INTO `product` (`upc`, `categoryMain`, `categorySpecific`, `name`, `options`, `size`, `cost`, `basePrice`, `currentPrice`, `onSale`, `stockQty`, `description`, `image`) VALUES ('037000749479', 'Personal Care', 'Deodorant', 'Old Spice Sweat Defense Dry Spray', 'Ultimate Captain', '3.8 oz', 1, 3, 3, b'0', 2, 'Old Spice Sweat Defense Dry Spray Ultimate Captain 3.8 oz', 'https://target.scene7.com/is/image/Target/GUEST_5a144cac-669b-4881-bdc1-3fe4c9fc2d88?wid=700&hei=700&qlt=80&fmt=webp');
INSERT INTO `product` (`upc`, `categoryMain`, `categorySpecific`, `name`, `options`, `size`, `cost`, `basePrice`, `currentPrice`, `onSale`, `stockQty`, `description`, `image`) VALUES ('037000729860', 'Personal Care', 'Deodorant', 'Secret 48-Hr Dry Spray', 'Lavender', '3.8 oz', 1, 3, 3, b'0', 5, 'Secret 48-Hr Dry Spray Lavender 3.8 oz', 'https://images.ctfassets.net/w9l9p5870v5o/5EzjqBwqCOHuAdtYKPqNo8/427192d0b323ead375818efc3fc3112f/00037000729860_C1N1_NA.png');
INSERT INTO `product` (`upc`, `categoryMain`, `categorySpecific`, `name`, `options`, `size`, `cost`, `basePrice`, `currentPrice`, `onSale`, `stockQty`, `description`, `image`) VALUES ('037000747642', 'Personal Care', 'Deodorant', 'Secret 48-Hr Dry Spray', 'Outlast Completely Clean', '3.8 oz', 1, 3, 3, b'0', 5, 'Secret 48-Hr Dry Spray Outlast Completely Clean 3.8 oz', 'https://images.ctfassets.net/w9l9p5870v5o/7lp71uac6tgyuTpSGA7OCY/f4bc43b4b702ae8fa9608c624b4247c4/00037000747642_C1N1_NA.png?w=1025&f=face&q=75&fit=fill&fm=webp');
INSERT INTO `product` (`upc`, `categoryMain`, `categorySpecific`, `name`, `options`, `size`, `cost`, `basePrice`, `currentPrice`, `onSale`, `stockQty`, `description`, `image`) VALUES ('305213084008', 'Personal Care', 'Lotion', 'Vaseline Lotion', 'Advanced Repair Unscented', '10 fl oz', 0.25, 1.5, 1, b'1', 4, 'Vaseline Lotion Advanced Repair Unscented 10 fl oz', 'https://target.scene7.com/is/image/Target/GUEST_7e20ee77-3441-4324-ae7c-d21b613319f8?wid=700&hei=700&qlt=80&fmt=webp');
INSERT INTO `product` (`upc`, `categoryMain`, `categorySpecific`, `name`, `options`, `size`, `cost`, `basePrice`, `currentPrice`, `onSale`, `stockQty`, `description`, `image`) VALUES ('305210134416', 'Personal Care', 'Lotion', 'Vaseline Lotion', 'Cocoa Radiant with Pure Cocoa Butter', '10 fl oz', 0.25, 1.5, 1, b'1', 4, 'Vaseline Lotion Cocoa Radiant with Pure Cocoa Butter 10 fl oz', 'https://target.scene7.com/is/image/Target/GUEST_fc338d79-38b9-4f58-b274-dcd8777f8acb?wid=700&hei=700&qlt=80&fmt=webp');
INSERT INTO `product` (`upc`, `categoryMain`, `categorySpecific`, `name`, `options`, `size`, `cost`, `basePrice`, `currentPrice`, `onSale`, `stockQty`, `description`, `image`) VALUES ('305213077000', 'Personal Care', 'Lotion', 'Vaseline Lotion', 'Essential Healing', '10 fl oz', 0.25, 1.5, 1, b'1', 4, 'Vaseline Lotion Essential Healing 10 fl oz', 'https://target.scene7.com/is/image/Target/GUEST_958a0973-5cf0-4008-8ea6-2eda1162e04a?wid=700&hei=700&qlt=80&fmt=webp');
INSERT INTO `product` (`upc`, `categoryMain`, `categorySpecific`, `name`, `options`, `size`, `cost`, `basePrice`, `currentPrice`, `onSale`, `stockQty`, `description`, `image`) VALUES ('305210416390', 'Personal Care', 'Lotion', 'Vaseline Lotion', 'Men Extra Strength', '10 fl oz', 0.25, 1.5, 1, b'1', 4, 'Vaseline Lotion Men Extra Strength 10 fl oz', 'https://target.scene7.com/is/image/Target/GUEST_eca292f3-3b38-466a-9032-c39b1a353a7c?wid=700&hei=700&qlt=80&fmt=webp');
INSERT INTO `product` (`upc`, `categoryMain`, `categorySpecific`, `name`, `options`, `size`, `cost`, `basePrice`, `currentPrice`, `onSale`, `stockQty`, `description`, `image`) VALUES ('305213091006', 'Personal Care', 'Lotion', 'Vaseline Lotion', 'Soothing Hydration with Triple Hydration Complex', '10 fl oz', 0.25, 1.5, 1, b'1', 4, 'Vaseline Lotion Soothing Hydration with Triple Hydration Complex 10 fl oz', 'https://target.scene7.com/is/image/Target/GUEST_f27386d9-93fa-4c3a-bef5-b026420377ca?wid=700&hei=700&qlt=80&fmt=webp');

INSERT INTO `customer` (`id`, `email`, `password`, `firstName`, `lastName`, `address`, `city`, `state`, `phone`, `preferredPayment`, `paymentHandle`, `isEnabled`) VALUES (5, 'a@b.cd', '$2a$10$uBrJvbZ9legj.dhXubeCVuaoiDy5qfhnSBYPY1dh7uW7AuzMNppUS', 'Test', 'Testy', '', '', 1, '', NULL, NULL, b'0');
INSERT INTO `customer` (`id`, `email`, `password`, `firstName`, `lastName`, `address`, `city`, `state`, `phone`, `preferredPayment`, `paymentHandle`, `isEnabled`) VALUES (14, 'bob@bob.com', '$2a$10$mvJ0km07dKIqc4BDLJm/FOjIiAF/lpuUelVfhVhi3sEiIn4C4KUeK', 'Bob', 'Collins', '', '', 1, '', NULL, NULL, b'0');
INSERT INTO `customer` (`id`, `email`, `password`, `firstName`, `lastName`, `address`, `city`, `state`, `phone`, `preferredPayment`, `paymentHandle`, `isEnabled`) VALUES (20, 'cpee@gmail.com', '$2a$10$Irt5A9Vjr7HI7fxXQsrNNOUI.yENgyECFjwAdciY8cMsDjre0Utbq', 'Charisse', 'Pee', '', '', 1, '', NULL, NULL, b'1');
INSERT INTO `customer` (`id`, `email`, `password`, `firstName`, `lastName`, `address`, `city`, `state`, `phone`, `preferredPayment`, `paymentHandle`, `isEnabled`) VALUES (12, 'hello@world.com', '$2a$10$Nlz.0T2Y.yy0znRqhIjCjey1vdCTJ1Aj4tijibWlvWyEnpvsi6/GS', 'Johnny', 'Test', '123 Main St', 'AnyTown', NULL, '', NULL, NULL, b'0');
INSERT INTO `customer` (`id`, `email`, `password`, `firstName`, `lastName`, `address`, `city`, `state`, `phone`, `preferredPayment`, `paymentHandle`, `isEnabled`) VALUES (13, 'jack@jack.com', '$2a$10$uqW.TufeEnT/h1IQdrBBNOltwqlxaQgW9eYvi1SEJVgFLmKLtVl02', 'Jack', 'Benimble', '', '', 1, '', NULL, NULL, b'0');
INSERT INTO `customer` (`id`, `email`, `password`, `firstName`, `lastName`, `address`, `city`, `state`, `phone`, `preferredPayment`, `paymentHandle`, `isEnabled`) VALUES (25, 'jfinch@gmail.com', '$2a$10$fUzbktzIOh30Kk7pPXVPPebhojrxsW0TnQZ82sKMW8d.Nbh3j3iiO', 'Jenny', 'Finch', '', '', 1, '', NULL, NULL, b'1');
INSERT INTO `customer` (`id`, `email`, `password`, `firstName`, `lastName`, `address`, `city`, `state`, `phone`, `preferredPayment`, `paymentHandle`, `isEnabled`) VALUES (8, 'johndoe@gmail.com', '$2a$10$BLheGey5EVI4AW8FKYWNb.FIe1Eqkfk3h6iMS0T0RzbXSbrTn/JzS', 'John', 'Doe', '', '', 1, '', NULL, NULL, b'0');
INSERT INTO `customer` (`id`, `email`, `password`, `firstName`, `lastName`, `address`, `city`, `state`, `phone`, `preferredPayment`, `paymentHandle`, `isEnabled`) VALUES (16, 'johnny@tombstone.com', '$2a$10$ttbF4Lk84fEoBOXValOhnOOF2eF9kTiVcgPDPZk3ektblETAgxWC2', 'Johnny', 'Tombstone', '', '', 1, '', NULL, NULL, b'0');
INSERT INTO `customer` (`id`, `email`, `password`, `firstName`, `lastName`, `address`, `city`, `state`, `phone`, `preferredPayment`, `paymentHandle`, `isEnabled`) VALUES (23, 'lastone@betterbeit.com', '$2a$10$P/ohwzP0tgM0U3GxtIPl5efYgdbnRl2BtsGpqDHoBdcWKPPjG7WWq', 'Last', 'One', '', '', 1, '', NULL, NULL, b'1');
INSERT INTO `customer` (`id`, `email`, `password`, `firstName`, `lastName`, `address`, `city`, `state`, `phone`, `preferredPayment`, `paymentHandle`, `isEnabled`) VALUES (10, 'lkasjdf@lkasjdf.com', '$2a$10$KxULzHoAwoVif.Om.U4XP.4LWWIlrDXsKQYt9ya051DBncYDSuGXK', 'aksldjf', 'lkjasdf', '', '', 1, '', NULL, NULL, b'0');
INSERT INTO `customer` (`id`, `email`, `password`, `firstName`, `lastName`, `address`, `city`, `state`, `phone`, `preferredPayment`, `paymentHandle`, `isEnabled`) VALUES (1, 'admin@admin.com', 'admin', 'admin', 'admin', NULL, '', 1, '', 'Cash', NULL, b'0');
INSERT INTO `customer` (`id`, `email`, `password`, `firstName`, `lastName`, `address`, `city`, `state`, `phone`, `preferredPayment`, `paymentHandle`, `isEnabled`) VALUES (22, 'newuser@new.com', '$2a$10$rlogPHtVqOzL4YFmAxo6OOp7dXXSGLlYR.FQYrCBWtEZXSV1tIfHG', 'New', 'User', '', '', 1, '', NULL, NULL, b'1');
INSERT INTO `customer` (`id`, `email`, `password`, `firstName`, `lastName`, `address`, `city`, `state`, `phone`, `preferredPayment`, `paymentHandle`, `isEnabled`) VALUES (26, 'nocart@gmail.com', '$2a$10$DjpyDdWEsXjO7Tq7doFrgevFxLhKt1sS9D9cVpVLEbPPTR0T9qHR.', 'No', 'Cart', '', '', 1, '', NULL, NULL, b'1');
INSERT INTO `customer` (`id`, `email`, `password`, `firstName`, `lastName`, `address`, `city`, `state`, `phone`, `preferredPayment`, `paymentHandle`, `isEnabled`) VALUES (9, 'ressecup1984@gmail.com', '$2a$10$BN84pE0aJEEHmK7VWUmyVePqrvBMHj9bcOBtOlwbamWP4wuW/F.8u', 'Charisse', 'Prentzler', '870 E Route 130 Apt E1', 'Burlington', 0, '2674295778', NULL, NULL, b'0');
INSERT INTO `customer` (`id`, `email`, `password`, `firstName`, `lastName`, `address`, `city`, `state`, `phone`, `preferredPayment`, `paymentHandle`, `isEnabled`) VALUES (17, 'sadfsd@asfd.com', '$2a$10$6PCTxcMCKDeZoPlkoY4smeWXZB6cG7M5DCfJkFXhymlOP00.Dxa.O', 'asdfa', 'asfas', '', '', NULL, '', NULL, NULL, b'0');
INSERT INTO `customer` (`id`, `email`, `password`, `firstName`, `lastName`, `address`, `city`, `state`, `phone`, `preferredPayment`, `paymentHandle`, `isEnabled`) VALUES (11, 'scrffmcgrf@aol.com', '$2a$10$7m/LQrf5oeqL2OJl6tNVzOX.9ikfClNK6RjdUlU3.qxLN7IOgidB.', 'Michael', 'Made', '', '', 1, '', NULL, NULL, b'0');
INSERT INTO `customer` (`id`, `email`, `password`, `firstName`, `lastName`, `address`, `city`, `state`, `phone`, `preferredPayment`, `paymentHandle`, `isEnabled`) VALUES (7, 't@t.com', '$2a$10$cdm3wcWMhXSs5w8MDUvOAevwhK9AM0gKL.WwKnPcS32eQG3/Y2.VO', 'Test2', 'Testing', '', '', 1, '', NULL, NULL, b'0');
INSERT INTO `customer` (`id`, `email`, `password`, `firstName`, `lastName`, `address`, `city`, `state`, `phone`, `preferredPayment`, `paymentHandle`, `isEnabled`) VALUES (24, 'test@junit5.com', '$2a$10$QC5EN11vts/I9AvxMfMgBu4uR.x0HFwLWoOI6kotho/UmkZZzz5g2', 'Johnny', 'Five', NULL, NULL, NULL, NULL, NULL, NULL, b'1');
INSERT INTO `customer` (`id`, `email`, `password`, `firstName`, `lastName`, `address`, `city`, `state`, `phone`, `preferredPayment`, `paymentHandle`, `isEnabled`) VALUES (21, 'test@t.com', '$2a$10$twIwlg8sqqT4CNtt9L7MU.V6x9chu75N29wMGlaAA1xAGXfMBmK0S', 'Test', 'Test', '', '', 1, '', NULL, NULL, b'1');
INSERT INTO `customer` (`id`, `email`, `password`, `firstName`, `lastName`, `address`, `city`, `state`, `phone`, `preferredPayment`, `paymentHandle`, `isEnabled`) VALUES (2, 'xscruff_mcgruffx@yahoo.com', 'password', 'John', 'Doe', NULL, '', 1, '', 'Cash App', '$CharissePrentzler', b'0');

/*INSERT INTO `role` (`id`, `name`) VALUES (0, 'OWNER');*/
INSERT INTO `role` (`id`, `name`) VALUES (1, 'ADMIN');
INSERT INTO `role` (`id`, `name`) VALUES (2, 'CUSTOMER');

/*INSERT INTO `customer_role` (`customer_id`, `role_id`) VALUES (0, 0);
INSERT INTO `customer_role` (`customer_id`, `role_id`) VALUES (0, 1);
INSERT INTO `customer_role` (`customer_id`, `role_id`) VALUES (0, 2);*/
INSERT INTO `customer_role` (`customer_id`, `role_id`) VALUES (1, 1);
INSERT INTO `customer_role` (`customer_id`, `role_id`) VALUES (1, 2);
INSERT INTO `customer_role` (`customer_id`, `role_id`) VALUES (2, 2);
INSERT INTO `customer_role` (`customer_id`, `role_id`) VALUES (5, 2);
INSERT INTO `customer_role` (`customer_id`, `role_id`) VALUES (7, 2);
INSERT INTO `customer_role` (`customer_id`, `role_id`) VALUES (8, 2);
INSERT INTO `customer_role` (`customer_id`, `role_id`) VALUES (9, 2);
INSERT INTO `customer_role` (`customer_id`, `role_id`) VALUES (10, 2);
INSERT INTO `customer_role` (`customer_id`, `role_id`) VALUES (11, 2);
INSERT INTO `customer_role` (`customer_id`, `role_id`) VALUES (12, 2);
INSERT INTO `customer_role` (`customer_id`, `role_id`) VALUES (13, 2);
INSERT INTO `customer_role` (`customer_id`, `role_id`) VALUES (14, 2);
INSERT INTO `customer_role` (`customer_id`, `role_id`) VALUES (16, 2);
INSERT INTO `customer_role` (`customer_id`, `role_id`) VALUES (17, 2);
INSERT INTO `customer_role` (`customer_id`, `role_id`) VALUES (20, 2);
INSERT INTO `customer_role` (`customer_id`, `role_id`) VALUES (21, 2);
INSERT INTO `customer_role` (`customer_id`, `role_id`) VALUES (22, 2);
INSERT INTO `customer_role` (`customer_id`, `role_id`) VALUES (23, 2);
INSERT INTO `customer_role` (`customer_id`, `role_id`) VALUES (25, 2);
INSERT INTO `customer_role` (`customer_id`, `role_id`) VALUES (26, 2);

INSERT INTO `orders` (`orderNum`, `customerId`, `orderDateTime`, `reqDeliveryDateTime`, `status`, `comments`) VALUES (1, 20, '2021-06-23 00:11:02.000000', '2021-06-26 18:00:00.000000', 'Shipped', 'Test Order');
INSERT INTO `orders` (`orderNum`, `customerId`, `orderDateTime`, `reqDeliveryDateTime`, `status`, `comments`) VALUES (2, 20, '2021-06-23 01:55:07.000000', '2021-06-27 12:00:00.000000', 'Unpaid', 'Test Order 2');

INSERT INTO `orderdetail` (`orderNum`, `upc`, `qty`, `price`, `lineNumber`) VALUES (1, '037000695769', 3, 3.33, 1);
INSERT INTO `orderdetail` (`orderNum`, `upc`, `qty`, `price`, `lineNumber`) VALUES (1, '037000933243', 2, 2, 2);
INSERT INTO `orderdetail` (`orderNum`, `upc`, `qty`, `price`, `lineNumber`) VALUES (1, '011111010406', 1, 4, 3);
INSERT INTO `orderdetail` (`orderNum`, `upc`, `qty`, `price`, `lineNumber`) VALUES (1, '011111023659', 2, 4, 4);
INSERT INTO `orderdetail` (`orderNum`, `upc`, `qty`, `price`, `lineNumber`) VALUES (2, '305210416390', 5, 1, 1);
INSERT INTO `orderdetail` (`orderNum`, `upc`, `qty`, `price`, `lineNumber`) VALUES (2, '047400671379', 3, 3, 2);

INSERT INTO `cart` (`cartId`, `customerId`, `cartCreationDateTime`) VALUES (6, 20, '2021-06-24 02:13:46.000000');
INSERT INTO `cart` (`cartId`, `customerId`, `cartCreationDateTime`) VALUES (7, 22, '2021-06-24 02:37:44.000000');
INSERT INTO `cart` (`cartId`, `customerId`, `cartCreationDateTime`) VALUES (8, 23, '2021-06-24 02:43:51.000000');
INSERT INTO `cart` (`cartId`, `customerId`, `cartCreationDateTime`) VALUES (9, 25, '2021-06-24 13:44:31.000000');

INSERT INTO `cartdetail` (`cartId`, `upc`, `qty`, `price`, `lineNumber`) VALUES (6, '047400671348', 4, 3, 5);
INSERT INTO `cartdetail` (`cartId`, `upc`, `qty`, `price`, `lineNumber`) VALUES (6, '305210416390', 1, 1, 6);
INSERT INTO `cartdetail` (`cartId`, `upc`, `qty`, `price`, `lineNumber`) VALUES (6, '037000695769', 3, 4, 9);
INSERT INTO `cartdetail` (`cartId`, `upc`, `qty`, `price`, `lineNumber`) VALUES (7, '037000896036', 3, 2, 2);
INSERT INTO `cartdetail` (`cartId`, `upc`, `qty`, `price`, `lineNumber`) VALUES (7, '037000956785', 2, 2, 3);
INSERT INTO `cartdetail` (`cartId`, `upc`, `qty`, `price`, `lineNumber`) VALUES (7, '037000675099', 4, 2, 4);
INSERT INTO `cartdetail` (`cartId`, `upc`, `qty`, `price`, `lineNumber`) VALUES (8, '037000956624', 3, 3, 2);
INSERT INTO `cartdetail` (`cartId`, `upc`, `qty`, `price`, `lineNumber`) VALUES (8, '037000956648', 2, 2, 3);
INSERT INTO `cartdetail` (`cartId`, `upc`, `qty`, `price`, `lineNumber`) VALUES (8, '037000956785', 5, 2, 4);
INSERT INTO `cartdetail` (`cartId`, `upc`, `qty`, `price`, `lineNumber`) VALUES (8, '037000896036', 1, 2, 5);
INSERT INTO `cartdetail` (`cartId`, `upc`, `qty`, `price`, `lineNumber`) VALUES (8, '037000585930', 4, 3.33, 6);
INSERT INTO `cartdetail` (`cartId`, `upc`, `qty`, `price`, `lineNumber`) VALUES (8, '037000695769', 1, 4, 7);
INSERT INTO `cartdetail` (`cartId`, `upc`, `qty`, `price`, `lineNumber`) VALUES (9, '037000127840', 5, 4, 2);
